analysis,analysis_label,cell_type,size,NES,ES,pval,padj,leading_edge,log2err
combined,Combined MS vs HC,Astrocytes,195,-1.37143002171331,-0.310235282252355,0.0168061308812319,0.0378137944827719,"BCAN,DNER,NELL2,LRRN1,DPP6,AMY2B,RGMA,MEGF10,IGDCC4,TNR,SCRG1,ROBO1,CNTN5,SPOCK1,WIF1,ADAM23,EPHA4,WFIKKN1,SNAP25,ENPP6,NTRK3,JAM2,DPP10,NPL,NCAN,PALM,VSNL1,CNTN1,COL28A1,ZHX2,BOC,PCDH7,NFASC,MDGA1,FLRT2,NTRK2,SEZ6L,ADAM22,PCDH9,CD109,ADGRB3,TMPRSS5,NRCAM,ERBB4,THBS4,CACNB1,CD38",0.352487857583619
combined,Combined MS vs HC,B-cells,122,-1.21971926197075,-0.294124541433527,0.124804992199688,0.187207488299532,"ITGB2,CA6,KLRK1,CR1,CLEC10A,LY9,TCL1A,ICOSLG,LCP1,ITGB7,PPY,SERPINA9,IL16,APBB1IP,TIGIT,GZMB,FCRL2,TNFRSF13C,PTPRC,CD79B",0.155241966228839
combined,Combined MS vs HC,Endothelial,260,-1.1096623968804,-0.243362291460332,0.232954545454545,0.279545454545455,"CDA,TNXB,CRTAC1,ITGB6,LPO,GRP,CD34,MYOC,PTPRR,CD160,FAM3B,EPS8L2,MIA,WFIKKN1,CLEC3B,GSTA1,BMP4,CA5A,DIPK2B,FUT1,OMD,CLEC1A,APOA1,ADAMTS8,HSPG2,KAZALD1,DMP1,LAYN,RBKS,VTCN1,PLA2G10,SERPINA5,CSF3,KLRF1,KRT18,ICAM4,DKKL1,IGFBP3,CEACAM16,TNFRSF10C,PODXL,SELE,GIMAP7,CDH5,THBD,CD300LG,GIPC2",0.103197466945307
combined,Combined MS vs HC,Excitatory neurons,251,-1.73841761816951,-0.38309644478543,3.00136814373074e-06,5.40246265871533e-05,"OMG,ITGA11,FAP,BCAN,ENPP5,CRTAC1,NELL2,LRRN1,DPP6,AMY2B,NPTXR,THY1,CBLN4,TNR,VGF,IGSF21,ROBO1,PTPRR,CNTN5,L1CAM,SPOCK1,PTPRN2,ART3,LRTM2,ENO2,ADAM23,SCN4B,EPHA4,SNAP25,EXTL1,NTRK3,CNTNAP2,GHR,DPP10,NCAN,GPR158,VSNL1,CNTN1,ADAMTS8,COL28A1,CPLX2,SLITRK1,CNTN4,CNTN2,APLP1,FGF9,PCDH7,NFASC,PLXNA4,CNTNAP4,FLRT2,CLSTN2,SCG2,NTRK2,SEZ6L,JAM3,SV2A,CDON,ADAM22,CDH6,PCDH9,MAP2,ADGRB3,TMPRSS5",0.627256739718528
combined,Combined MS vs HC,Fibroblasts,79,-0.950954594577872,-0.248562225451806,0.556302521008403,0.556302521008403,"FAP,COL15A1,CNTN5,SFRP4,ENPP6,BMP4,SCARA5,FNDC1,COL1A1,LEFTY2,EGFLAM,IL34,MFAP5,KRT18,SELE,GAL,OGN,PLA2G2A,FBN2,CPXM2,MME,WFIKKN2,EFEMP1,NTF3,KLK7,GPHA2,CXCL6",0.0649407684612899
combined,Combined MS vs HC,Inhibitory neurons,257,-1.69749597184949,-0.372730676002206,1.39276283781695e-05,0.000125348655403525,"RET,BCAN,DNER,CRTAC1,NELL2,LRRN1,DPP6,AMY2B,NPTXR,MEPE,THY1,CBLN4,TNR,VGF,IGSF21,ROBO1,PTPRR,CNTN5,L1CAM,SPOCK1,PTPRN2,WIF1,LRTM2,ENO2,ADAM23,SCN4B,EPHA4,SNAP25,EXTL1,NTRK3,CNTNAP2,GHR,JAM2,KIT,DPP10,NCAN,GPR158,VSNL1,CNTN1,COL28A1,CRH,CPLX2,SLITRK1,CNTN4,CNTN2,APLP1,FGF9,PCDH7,NFASC,PLXNA4,CNTNAP4,FLRT2,CLSTN2,SCG2,NTRK2,SEZ6L,OSTN,SV2A,CDON,ADAM22,CDH6,PCDH9,MAP2,ADGRB3,NRCAM,ERBB4,NXPH1,FBN2",0.593325476396405
combined,Combined MS vs HC,Macrophages,247,1.41209634070465,0.286669853089317,0.00218074674838193,0.0068783241324005,"LILRB4,MERTK,CD83,OSCAR,IL2RA,IL1RN,TREM2,ACP5,TNFSF13,MMP1,MMP12,CD5L,SIGLEC8,SIGLEC1,CXCL16,HAVCR2,TNFRSF1B,VSIG4,CPVL,IL18BP,CLEC4D,CCL8,ASGR2,PDGFB,OTOA,CCL7,CD300C,HGF,FABP4,FCGR3B,LILRA2,IL1RL2,PPBP,CD14,TNFSF13B,CXCL9,CSF2RA,IL10,CXCL10,MMP9,IFI30,SLAMF8,MSR1,RNASE6,CCL3,VCAN,IL18R1,LRRC25,GIMAP8,OSM,SH2B3,TNFSF14,CD300LF,IL3RA,SIGLEC7,IL12RB1,KRT6C,TREML1,CEACAM3,EREG,LILRB2,CCL13,PLA2G7,IL1A,OLR1,PILRA,TNFRSF8,ASGR1,SIRPB1,RETN,CCL17,CD36,CLEC5A,AIF1",0.431707695803346
combined,Combined MS vs HC,Microglial cells,197,-1.31838798609662,-0.297639220169945,0.0409356725146199,0.0669856459330144,"ITGAM,ITGA11,FAP,HPGDS,COL15A1,MEGF10,IGDCC4,PLXDC1,GRP,CD34,VGF,IGSF21,CNTN5,EPHA4,SNAP25,NTRK3,CLEC3B,CNTNAP2,GHR,CA5A,DIPK2B,FNDC1,JAM2,DPP10,NPL,NCAN,CLEC1A,APBB1IP,VSNL1",0.271288554688953
combined,Combined MS vs HC,NK-cells,145,-1.52094282580472,-0.357816830582294,0.00229277471080017,0.0068783241324005,"ITGAM,ITGB2,GZMA,CD8A,ADA,FGFBP2,KLRK1,FCRL6,CD160,LY9,GZMH,LCP1,ITGB7,CRTAM,IL16,KLRB1,FASLG,APBB1IP,GNLY,CD244,TIGIT,GZMB,KLRD1,PTPRC,CSF2,CD79B,PADI4,KLRF1,GIMAP7,IL7R,KIR3DL1,ITGAL,BATF",0.431707695803346
combined,Combined MS vs HC,Oligodendrocyte precursor cells,223,-1.64203825402417,-0.365546032499195,0.000107191778084274,0.000643150668505643,"OMG,BCAN,DNER,CRTAC1,NELL2,LRRN1,DPP6,AMY2B,NPTXR,MEGF10,IGDCC4,TNR,CHAD,SCRG1,IGSF21,ROBO1,CNTN5,SPOCK1,PTPRN2,ADGRG2,ADAM23,SNAP25,ENPP6,EXTL1,NTRK3,CNTNAP2,GHR,JAM2,CSPG4,DPP10,NCAN,GPR158,CNTN1,COL28A1,ZHX2,SLITRK1,CNTN4,CNTN2,PCDH7,NFASC,PLXNA4,CNTNAP4,FLRT2,CLSTN2,SCG2,NTRK2,SEZ6L,OSTN,JAM3,SV2A,ADAM22,CDH6,PCDH9,MAP2,ADGRB3,NRCAM,ERBB4,NXPH1,THBS4,FBN2",0.538434096309916
combined,Combined MS vs HC,Oligodendrocytes,168,-1.58757996415621,-0.36566227713383,0.00149443032258709,0.00672493645164191,"OMG,CA14,ITGA2,DNER,KLK6,TF,DPP6,AMY2B,MEGF10,SCRG1,ROBO1,CNTN5,SPOCK1,ADGRG2,SNAP25,ENPP6,KEL,CNTNAP2,DIPK2B,DPP10,GPR158,VSNL1,ZHX2,SLITRK1,LAYN,CNTN2,APLP1,CPB1,CAPN3,NFASC,CNTNAP4,CLSTN2,JAM3,SV2A,RASSF2,ADAM22,PCDH9,ADGRB3,TMPRSS5,CNDP1,ERBB4,THBS4,DAPK2",0.45505986738723
combined,Combined MS vs HC,Pericytes,91,-1.20950751234438,-0.310891094416825,0.165562913907285,0.229240957717779,"CD248,CBLN4,CLEC4M,SMOC2,OBP2B,ADGRG2,SFRP4,SCN4B,BMP4,GHR,CSPG4,MELTF,ADAMTSL5,FZD10,IL34,DKKL1,C1QTNF1,TNN,CXCL5,F10,CD38,RBPMS2,SYTL4,SRPX,ISM1,TFAP2A,GH1,OXT,CR2,MYL3,TSPAN1,CXCL6,ABO",0.137250779610133
combined,Combined MS vs HC,Plasma cells,118,1.07362206620153,0.239909538207528,0.25068870523416,0.28202479338843,"LILRB4,MERTK,ST6GAL1,JCHAIN,IL2RG,FGL1,C9,GAST,ITIH3,FCGR3B,GPR101,TNFRSF4,CD70,ORM1,F2R,RNASE6,CCL3,CCL11,IFNLR1,IL21R,F9,IL12RB1,IL5RA",0.144630528034484
combined,Combined MS vs HC,Smooth muscle,138,-1.36848285374793,-0.324084837463864,0.027149154804207,0.0488684786475727,"FAP,RET,ACHE,ENPP5,CRTAC1,CD248,MYOC,SMOC2,OBP2B,ART3,SCN4B,CALCA,GHR,FNDC1,CSPG4,ADAMTSL5,COL28A1,HSPG2,LEFTY2,TGFBI,FZD10,SOD3,DMP1,EGFLAM,IL34,CASQ2,LMOD1,C1QTNF1",0.352487857583619
combined,Combined MS vs HC,T-cells,156,-1.43854549696028,-0.336946343662971,0.00767444579803053,0.0197342891949356,"ITGB2,CA6,GZMA,NELL2,CD8A,FGFBP2,KLRK1,FCRL6,CD160,LY9,GZMH,LCP1,ITGB7,CRTAM,IL16,KLRB1,FASLG,APBB1IP,GNLY,CD244,TIGIT,GZMB,KLRD1,TNFRSF13C,PTPRC,CSF2,CD79B,KLRF1,GIMAP7,IL7R,KIR3DL1,ITGAL,BATF",0.407017918923954
combined,Combined MS vs HC,dendritic cells,128,-1.15401342995767,-0.276640274041024,0.182527301092044,0.234677958546913,"ITGB2,RET,CLEC4A,GZMA,DKK4,ADA,ADGRE2,LY9,TCL1A,GZMH,ICOSLG,LCP1,ITGB7,IL16,APBB1IP,GNLY,TGFBI,ZHX2,GZMB,TNFRSF13C,PTPRC,PADI4,SEMA7A,PLXNA4,IL7R,THBD,ITGAL,RASSF2",0.12563992130984
combined,Combined MS vs HC,granulocytes,121,0.979202273475858,0.218353281264841,0.527173913043478,0.556302521008403,"CD83,IL2RA,SIGLEC8,HAVCR2,SFTPA2,PLAT,CD300C,TIE1,TNFRSF4,TPSD1,IL1RL1,KLK13,CCL23,IL18R1,CSF1,LRRC25,OSM,SH2B3,PRG2,CD300LF,PROCR,SIGLEC7,KRT6C,IL5RA,SFTPA1,PAG1,TMPRSS11B,SKAP1,TPSAB1,TPSG1,SFTPD,PDCD1LG2,GRAP2,CD226,VWA5A,DOK1,LAIR1,CRNN,ADAM12,MILR1,RAB37,ST8SIA1,CCL4,CALB2,SPINK5,FCER1A,IL13,IL18RAP",0.0931454575337804
combined,Combined MS vs HC,monocytes,193,1.25690586676264,0.263968118234092,0.0267647830197974,0.0488684786475727,"LILRB4,MERTK,IL15,CD83,OSCAR,IL1RN,IL6,CXCL16,HAVCR2,TNFRSF1B,CPVL,IL18BP,HS3ST3B1,CLEC4D,IL2RG,CCL20,PRND,IL1RAP,CDH23,CD300C,HGF,FCGR3B,LILRA2,IL1RL2,TNFSF13B,CXCL9,CSF2RA,IL10,CXCL10,IFI30,MSR1,CCL3,CCL23,LRRC25,OSM,SH2B3,IL21R,CD300LF,IL3RA,SIGLEC7,IL12RB1,CEACAM3,PAG1,EREG,LILRB2,PLA2G7,IL1A,OLR1,PILRA,TNFRSF8,SIRPB1,RETN,UPK3A",0.352487857583619
pre,Pre-onset vs HC,Astrocytes,195,-1.59849800060494,-0.333806769800847,0.000618675861713513,0.00222723310216865,"SPOCK1,FGFR2,ROBO1,DPP6,BCAN,NFASC,NELL2,NPL,DIPK1C,UNC79,SLITRK2,CNTN3,TMPRSS5,MEGF10,JAM2,VSNL1,CD109,PCDH7,PALM,PCDH9,ERBB4,NCAN,NTRK3,ZHX2,WFIKKN1,DNM3,CDH4,LCAT,ADAM23,ADAMTSL2,MDGA1,PCDH17,SEZ6L,WASF3,PTPRZ1,LRRN1,TNR,IL17D,PTPRM,CACNB1,NRCAM,KIAA0319,ERC2,EPHA4,CDH2,LRP2BP,NTRK2,ROBO2,BRSK2,NCS1,CA8,ENTPD2,TMEM132A,TLR4,SNED1,IGDCC4,MASP1,CADPS,PLIN1,PAMR1,KIAA1549L,PXDNL,BMPER,SNAP25,CACNA1C",0.477270815362862
pre,Pre-onset vs HC,B-cells,122,-0.802967040331034,-0.180112520969198,0.876777251184834,0.876777251184834,"PTPRC,ITGB2,CR1,LY9,IRAG2,CD22,GKN1,BLNK,TCL1A,ARHGAP25,FLI1,ITGB7,KLRK1,CD80,CD48,PLSCR3,CLEC7A,LILRB1,CD84,TIGIT,SERPINB9,CD86,SLAMF8,TLR1,IL16,WAS,ICOSLG,CA6,TNFRSF13C,PLCB2,CD200R1,CD69",0.0409055783172035
pre,Pre-onset vs HC,Endothelial,260,-1.0353222527127,-0.208336768166415,0.352367688022284,0.576601671309192,"CDA,KYNU,CD34,GSTA1,KDR,PCDH12,KRT18,CDH5,CLEC3B,SELE,CD109,BMP4,DOC2B,WFIKKN1,CLEC1A,LPO,ACE,ITGB6,TEK,PLA2G10,GIPC2,FLI1,KLRF1,THBD,ITGA5,KAZALD1,INPP5J,TNXB,CRTAC1,GATA3,CDH23,PTPRR,CLIC5,PLSCR3,OMD,ENTPD2,FLT1,SNED1,IL1RL1,AHNAK2,TCN2,KIAA1549,SCARF2,PKN3,CD160,DPEP1,DMP1,GRP,TNFRSF11B,DKKL1,PECAM1,KRT8,APOA1,RBP5,PTPRB,STC1,NXPH3,EPS8L2,LRRC38,VIT,SLC39A5,CA5A,ICAM4,POSTN,ADIPOQ",0.0785029047348687
pre,Pre-onset vs HC,Excitatory neurons,251,-1.69376694307665,-0.342690256409811,2.75566126100855e-05,0.000165339675660513,"SPOCK1,OMG,ROBO1,DPP6,BCAN,EXTL1,NFASC,CLSTN3,L1CAM,NELL2,IGSF21,ITGA11,FAP,UNC79,CNTN3,THY1,WASF1,HDAC9,TMPRSS5,CLSTN2,VSNL1,APLP1,PCDH7,PDE1C,SLITRK1,SH3GL3,PCDH9,NCAN,NTRK3,LRTM2,CNTNAP4,DNM3,IGFL4,CBLN4,CDH4,CDON,ADAM23,ADAMTSL2,PCDH17,SLIT2,SEZ6L,CORO6,SEZ6,CLIP2,LRRN1,ENO2,DLG4,TNR,IL17D,PSRC1,CACNB1,SYT1,NRCAM,KIAA0319,CNTN2,ERC2,EPHA4,CRTAC1,CDH2,CNTNAP2,LRP2BP,NTRK2,ROBO2,PTPRR,BRSK2,VGF,NCS1,SNED1,SCN4B,CADPS,KIAA1549,PAMR1,KIAA1549L,VSTM2L,PXDNL,BMPER,ENPP5,SNAP25,CACNA1C,MAMDC2,PTPRB,IL12RB2,PDZD2,SERPINI2,SCG3,PTPRN2,SV2A,CDH22,CPLX2,SEPTIN3,UNC5D,TXK,RASGRF1,TUBB3,CD200R1,CNTN5",0.575610261071129
pre,Pre-onset vs HC,Fibroblasts,79,0.904714645633526,0.201711454815665,0.678481012658228,0.738368358263742,"COL2A1,ANGPT1,THPO,RSPO3,CCL21,TFF3,CD177,CCL19,SERPIND1",0.0755015292281669
pre,Pre-onset vs HC,Inhibitory neurons,257,-1.79204977076347,-0.361830545651476,4.5403137648699e-06,4.08628238838291e-05,"SPOCK1,ROBO1,DPP6,BCAN,RET,EXTL1,NFASC,CLSTN3,L1CAM,NELL2,IGSF21,NXPH1,UNC79,SLITRK2,CNTN3,THY1,WASF1,HDAC9,JAM2,CLSTN2,VSNL1,APLP1,PCDH7,PDE1C,SLITRK1,SH3GL3,PCDH9,ERBB4,NCAN,NTRK3,LRTM2,CNTNAP4,DNM3,IGFL4,CBLN4,OSTN,CDH4,CDON,ADAM23,PCDH17,SLIT2,SEZ6L,CORO6,WASF3,SEZ6,CLIP2,PTPRZ1,LRRN1,ENO2,TNR,IL17D,PTPRM,SYT1,KIT,INPP5J,NRCAM,KIAA0319,CNTN2,ERC2,EPHA4,CRTAC1,CDH2,CNTNAP2,LRP2BP,NTRK2,MEPE,ROBO2,PTPRR,BRSK2,VGF,NCS1,CA8,SNED1,SCN4B,CADPS,CRH,GAD2,KIAA1549,CRHBP,KIAA1549L,VSTM2L,PXDNL,BMPER,SNAP25,CACNA1C,MAMDC2,PTPRB,IL12RB2,LRRC38,PDZD2,SCG3,POSTN,PVALB,PTPRN2,SV2A,CDH22,CPLX2,SEPTIN3,UNC5D,RASGRF1,TUBB3,CNTN5",0.610526878385931
pre,Pre-onset vs HC,Macrophages,247,1.22415925029814,0.230259220333067,0.0650829832289866,0.130165966457973,"OSM,MMP9,CLEC5A,PPBP,MMP8,CLEC4D,RETN,PDGFB,OLR1,LILRB4,IL1A,MMP1,FCGR3B,CD5L,RNASE6,KRT6C,TREML1,OSCAR,LRRC25,TNFSF13,MMP12,TNFSF14,CD207,EREG,FCN1,CSF2RA,PRSS2,MCEMP1,FCAR,HGF,VSIG4,CCL4,CCL8,CD83,CCL17,TREM2,AMPD3,CCL13,S100A12,FOLR3,PIK3AP1,NCF2,MNDA,CCL7,AZU1,MERTK,CCL3,IL10,LAIR1,PLA2G7,C1QA,AGRP,CHIT1,TNFSF13B,GMFG,RELT,SIRPB1,HPSE,ADAM8,TNF,CEACAM21,SCARF1,CASP1,NPHS1,ASGR1,CD300C,IL10RA,PILRA,SIGLEC8,CPVL,ASGR2,INPP5D,LILRA4,CD14,IL1B,HCLS1,IL1RN,CD101,CD4,SBSN,RNASE3,FCGR2B,LILRA2,HAVCR2",0.287805130535564
pre,Pre-onset vs HC,Microglial cells,197,-1.52161764092568,-0.317586783913237,0.00148120527548455,0.00444361582645365,"PTPRC,CD34,NPL,IGSF21,ITGA11,NXPH1,FAP,PCDH12,UNC79,CDH5,CLEC3B,HDAC9,MEGF10,JAM2,IRAG2,VSNL1,ADGRD1,ERBB4,NCAN,NTRK3,ITGAM,BLNK,ZHX2,CLEC1A,DNM3,CSF1R,CDH4,TEK,ADAMTSL2,ARHGAP25,FLI1,TLR2,SEZ6L,CLIP2,PTPRM,ERC2,EPHA4,PLB1,CDH2,CNTNAP2,PLXDC1,ROBO2,CDH23,VGF,CD33,CSF3R,FLT1,LILRB1,CD84,SNED1,IGDCC4,ITIH5,FGF20,KIAA1549,PAMR1,KIAA1549L,PKN3,PXDNL,CD86,BMPER,GRP,SNAP25,TLR1,CACNA1C,MAMDC2,PTPRB,VIT,PDZD2,ASPN,CA5A,CDH22,TNFRSF13C,PLCB2,UNC5D,CD200R1,CNTN5,GGT5,COL15A1,IPCEF1,RYR1,KCNIP4,DIPK2B,ROBO4,FLRT2,DTNB,GHR,ADGRB3,GRIK2,HPGDS,RNF31,DSCAM,LRRC37A2,ZNF75D,PLCB1",0.45505986738723
pre,Pre-onset vs HC,NK-cells,145,-1.40702685988288,-0.306723846337151,0.0126767487752526,0.0295505019188381,"PTPRC,GZMA,KIR3DL1,CD8A,FASLG,ITGB2,KLRD1,ITGAL,LY9,CRTAM,CD244,IRAG2,B3GNT7,ITGAM,ADA,GZMH,KLRB1,KIR3DL2,ARHGAP25,FLI1,CSF2,FCRL6,KLRF1,IL7R,ITGB7,KLRK1,CRACR2A,DRAXIN,CD48,MYOM2,LILRB1,TIGIT,FGFBP2,CD160,PADI4,FLT3LG,IL16,IL12RB2,WAS,KIR2DL3,GNLY,VNN2,PLCB2,TXK",0.380730400722792
pre,Pre-onset vs HC,Oligodendrocyte precursor cells,223,-1.81629839923629,-0.372819950193707,1.67331919262035e-06,3.01197454671663e-05,"SPOCK1,OMG,ROBO1,DPP6,BCAN,EXTL1,SMOC1,NFASC,NELL2,IGSF21,NXPH1,DIPK1C,UNC79,SLITRK2,CNTN3,WASF1,HDAC9,MEGF10,JAM2,CLSTN2,PCDH7,PDE1C,SLITRK1,PCDH9,ERBB4,NCAN,NTRK3,CNTNAP4,ZHX2,CSPG4,DNM3,IGFL4,OSTN,CDH4,TEK,ADAM23,PCDH17,SLIT2,COL9A1,SEZ6L,WASF3,CLIP2,PTPRZ1,LRRN1,TNR,IL17D,PSRC1,PTPRM,NT5E,NRCAM,CNTN2,ERC2,CRTAC1,CDH2,CNTNAP2,ANGPTL2,LRP2BP,NTRK2,LYPD1,ROBO2",0.643551836150722
pre,Pre-onset vs HC,Oligodendrocytes,168,-1.70142622532145,-0.363109883466166,0.000398876761059219,0.00179494542476649,"SPOCK1,OMG,FGFR2,ROBO1,DPP6,KEL,SMOC1,NFASC,CEP85,DIPK1C,UNC79,SLITRK2,WASF1,HDAC9,TMPRSS5,MEGF10,CLSTN2,VSNL1,APLP1,CD22,PDE1C,SLITRK1,SH3GL3,PCDH9,ERBB4,CNTNAP4,ZHX2,DNM3,CDH4,CA14,ADAMTSL2,PCDH17,SLIT2,CLIP2,IL17D,PSRC1,CNTN2,ERC2,ITGA2,CDH2,CNTNAP2,ANGPTL2,LRP2BP,ROBO2",0.49849310876659
pre,Pre-onset vs HC,Pericytes,91,-0.927996818084582,-0.221358813931225,0.589108910891089,0.706930693069307,"CD248,TFAP2A,BMP4,ADGRD1,CDH15,IL34,CSPG4,CBLN4,ADH1B,GGT1,C1QTNF1,TNN,SFRP4,PRELP,SCN4B,GLT8D2,GH1,PLIN1,PAMR1,SCARF2,UPB1,PXDNL,DKKL1,FZD10,ASPN,KIR2DL3,MYL3",0.0613026075396207
pre,Pre-onset vs HC,Plasma cells,118,-0.895132732034845,-0.201296006281285,0.697347893915757,0.738368358263742,"GZMA,CD8A,PGLYRP2,RRM2,ITGAL,LY9,IRAG2,GKN1,BLNK,KLRB1,TK1,ARHGAP25,FLI1,TRPV3,ITGB7,SFRP4,CD48,PLSCR3,APOA2,F9,CLSPN,TP73,LILRB1",0.0508054139066364
pre,Pre-onset vs HC,Smooth muscle,138,-0.951042272116648,-0.208885949390662,0.565749235474006,0.706930693069307,"RET,CD248,FAP,TFAP2A,TGFBI,ACHE,CDH15,IL34,CSPG4,CTF1,CORO6,NMRK2,AMIGO2,C1QTNF1,INPP5J,CRTAC1,PRELP,SFTPD,SCN4B,GLT8D2,GH1,NGFR,APOB,EGFLAM,DMP1,ENPP5,CES1,TNFRSF11B,FZD10,NXPH3,CASQ2,FAM20A,ASPN,MYL3,POSTN,HRC,EPHA2,MYOC,MFAP4,ITIH1,ITGB1BP2",0.0596037042575973
pre,Pre-onset vs HC,T-cells,156,-1.39331082962502,-0.301247184791237,0.0131335564083725,0.0295505019188381,"PTPRC,GZMA,KIR3DL1,CD8A,CTLA4,PGLYRP2,FASLG,ITGB2,KLRD1,NELL2,ITGAL,LY9,CRTAM,CD244,IRAG2,GZMH,KLRB1,KIR3DL2,ARHGAP25,FLI1,CSF2,FCRL6,KLRF1,IL7R,ITGB7,KLRK1,CRACR2A,DRAXIN,GATA3,CD48,PLSCR3,CD84,IL17A,TIGIT,FGFBP2,CD160,FLT3LG,IL16,IL12RB2,WAS,CA6,KIR2DL3,GNLY,TNFRSF13C,PLCB2,TXK,CD200R1,CD69,IPCEF1",0.380730400722792
pre,Pre-onset vs HC,dendritic cells,128,-1.02924527615144,-0.229368514634778,0.390551181102362,0.585826771653543,"PTPRC,GZMA,RET,DKK4,ITGB2,ADGRE2,ITGAL,LY9,TGFBI,SERPINF2,ADA,BLNK,GZMH,ZHX2,TCL1A,PROC,THBD,IL7R,ITGB7,CDH23,CD48,LILRB1,CD84,CLEC4A,SERPINB9,PADI4,SEMA7A,IL16,WAS,ICOSLG,GNLY,TNFRSF13C,ADA2,PLCB2",0.0795564677235957
pre,Pre-onset vs HC,granulocytes,121,0.999813041821579,0.206382820046941,0.445652173913043,0.617056856187291,"OSM,SFTPA2,IL5RA,CLC,KRT6C,LRRC25,RAB27B,CCL23,LY6D,CAMKK1,KLK13,TPSG1,CCL4,CD226,CD83,CSF1,SCG2,PRG2,CCN3,SPINK5,LAIR1,CHIT1,GMFG,ADAM8,DSG3,SFTPA1,TNF,VWA5A,PROCR,TPSD1,CD300C",0.103197466945307
pre,Pre-onset vs HC,monocytes,193,-1.0444634104475,-0.218749761606558,0.345588235294118,0.576601671309192,"PTPRC,CDA,GZMA,KYNU,CTLA4,PGLYRP2,ITGB2,KLRD1,ADGRE2,ITGAL,CR1,PCDH12,HMOX1,CRTAM,CD244,IRAG2,ITGAM,ADA,GZMH,CSF1R,CFD,FLI1,TLR2,IL7R,PLB1,CFP,ADAMTSL4,CD80,CDH23,CD33,CD48,CSF3R,CLEC7A,LILRB1,TLR4,SFTPD,SERPINA1,CLEC4A,CD163,SERPINB9,PADI4,CD86,TLR1,PECAM1,IL16,WAS,ICOSLG,ICAM4,GNLY,CXCL10,VNN2,ADA2,PLCB2",0.0824344091527096
post,Post-onset vs HC,Astrocytes,195,1.12220189756587,0.221253434536107,0.193236714975845,0.347826086956522,"NEFL,GFAP,IL17RB,FGF2,PTPRM,MERTK,FGFR2,ADAMTSL2,CDH2,MYBPC1,PLIN1,CDH4,PCDH17,PAMR1,GASK1A,GP6,ADAMTS13,SORBS1,MASP1,SERPINE2,GRIK2,LCAT,HEPH,BMPER,PLXNB3,CNTN3,LTA,KLKB1,PTH1R,GAS2,CSPG5,ENTPD2,PXDNL,NCS1,PRKCQ,AGT,SNED1,THBS4,NCAM1,PDE4D,GFRA1,PRTFDC1,C1QL2,ANGPT1,LAMA1,DCUN1D2,CACNA1C,MFAP3L",0.155241966228839
post,Post-onset vs HC,B-cells,122,1.07839758529911,0.228374527265798,0.262411347517731,0.429400386847195,"CLEC7A,CD83,CD80,IL2RA,SLAMF8,IL18BP,IFI30,TNFSF8,LAT2,CD22,SIGLEC10,CD84,EVI2B,FLI1,IL2RG,GRAP2,LTA,DAPP1,SIT1,RAB39B,CD86,CD200R1",0.129442887745046
post,Post-onset vs HC,Endothelial,260,0.922779520585207,0.176122584436234,0.703324808184143,0.744696855724387,"TEK,IL15,IL18R1,PLA2G4A,CEACAM1,KDR,IL1RL1,KYNU,CXCL10,FLT4,IGFBP3,BTC,ADGRF5,BHMT2,IL15RA,ICAM1,LRRC38,IL4R,GIMAP8,IL3RA,GP6,PTPRB,ADM,TIE1,GATA3,FLI1,CXCL3,CCL23,CXCL9,PCDH12,TNFRSF4,LTA,ACE,ICAM5,HS6ST2,TNFRSF11B,KRT8,ENTPD2,SEMA3F,MYOM3,ROBO4,TNFSF10,SCARF2,SNED1,RNASE10,HSD17B14",0.0741758965588009
post,Post-onset vs HC,Excitatory neurons,251,-1.37027440468781,-0.27356206393865,0.0112576795282444,0.0675460771694666,"OMG,BCAN,FAP,ITGA11,CRTAC1,AMY2B,EXTL1,THY1,CNTNAP4,PTPRN2,ENPP5,VGF,AMIGO1,NPTXR,NELL2,CACNB1,LRTM2,SNAP25,GPR158,DLG4,SCN4B,ADAMTS8,NRXN3,LRRN1,CNTN5,FGF12,TNR,PDZD2,PTPRR,PCDH7,VWC2L,FLRT2,NTRK3,VWC2,TAFA5,SUSD4,SYT1,ART3,CIT,MAP2,SCN2A,EPHB6,NCAN,SCG2,DIABLO,RAB6B,CA7,DPP6,CDH6,GABRA4",0.380730400722792
post,Post-onset vs HC,Fibroblasts,79,1.03280720018062,0.236128693606067,0.38963963963964,0.467567567567568,"FABP4,CES1,CXCL10,PAMR1,LRRC38,THPO,FOLR1,HSD11B1,KLK1,CILP,ITGBL1,SERPIND1,C7,CCL21,TNFRSF11B,ENTPD2,PDGFRA,LTBP2,C1S,CCL19,GFRA1,CPXM1,ANGPT1,LAMA1,ADH1B",0.0999276973731092
post,Post-onset vs HC,Inhibitory neurons,257,-1.25029538633897,-0.247844458677888,0.0608,0.156342857142857,"BCAN,CRTAC1,AMY2B,EXTL1,THY1,CNTNAP4,PTPRN2,VGF,AMIGO1,DNER,WIF1,NPTXR,NELL2,ZNF75D,LRTM2,FBN2,SNAP25,MEPE,GPR158,JAM2,SCN4B,NRXN3,LRRN1,CNTN5,FGF12,TNR,PDZD2,PTPRR,PCDH7,VWC2L,FLRT2,CRH,NTRK3,VWC2,TAFA5,SUSD4,SYT1,CIT,MAP2,SCN2A,NCAN,SCG2,DIABLO,RAB6B,DPP6,CDH6,GABRA4,CALB1,KIT",0.231126709673834
post,Post-onset vs HC,Macrophages,247,1.82193511618616,0.351221690846692,1.27842812504022e-06,1.60653707942491e-05,"TNFSF13,TREM2,CLEC7A,LILRB4,CD4,CD83,ACP5,IL1RN,CD80,IL2RA,MERTK,IL18R1,FABP4,CD33,SIGLEC1,CD163,OSCAR,SLAMF8,IL18BP,KYNU,CXCL10,IFI30,ASGR2,SELPLG,SIGLEC7,TNFSF8,LAT2,SH2B3,LILRA2,ADGRE1,SIGLEC10,OTOA,GIMAP8,CCL8,CCL7,SIGLEC8,AIF1,IL3RA,CD84,IL10,MILR1,PLA2G7,CSF2RA,HAVCR2,EVI2B,CD300C,LRRC25,FLI1,CXCL3,CSF1R,CXCL9,MARCO,ADA2,KRT6C,DAPP1,GFRA2,IL1R2,CD86,CD200R1,CD48,TNFRSF1B,SIGLEC9,SIRPB1,AGRP,PDGFB,VSTM1,CD28,CD300A,MMP1,CCL3,PDCD1LG2,FCER1A",0.643551836150722
post,Post-onset vs HC,Microglial cells,197,1.36959132634919,0.270314138645778,0.028644356000095,0.119756124105659,"NEFL,LILRB4,TEK,PTPRM,MERTK,FGF5,PLA2G4A,KIRREL1,CD33,ST6GAL1,ADAMTSL2,GGT5,CDH2,ADGRF5,CDH4,LILRA2,PAMR1,GASK1A,SIGLEC10,GIMAP8,SIGLEC8,PTPRB,ADAMTS13,SORBS1,HSD11B1,CD84,HAVCR1,MILR1,CSF2RA,HAVCR2,TIE1,GRIK2,FLI1,ITGBL1,ELAVL4,CSF1R,BMPER,C7,PCDH12",0.352487857583619
post,Post-onset vs HC,NK-cells,145,0.872601371656009,0.179053057776903,0.795724465558195,0.795724465558195,"IL2RA,IL18R1,F2R,FLT3LG,SELPLG,SIGLEC7,GHRL,TNFSF8,LAT2,NCR1,HAVCR2,EVI2B,B3GNT7,FLI1,SH2D1A,IL2RG,GRAP2,TNFRSF4,LTA,RAB39B,SKAP1,IL2RB,PRKCQ,CD48,TNFRSF1B,CD300A,CCL3,MYOM2,CD72",0.0643583367917361
post,Post-onset vs HC,Oligodendrocyte precursor cells,223,-1.17270486729318,-0.237599188709221,0.148397976391231,0.33389544688027,"OMG,BCAN,CRTAC1,AMY2B,EXTL1,SCRG1,CNTNAP4,PTPRN2,DNER,NPTXR,CHAD,NELL2,FBN2,SNAP25,GPR158,JAM2,NRXN3,LRRN1,CNTN5,FGF12,PZP,TNR,PDZD2,LAMA4,PCDH7,VWC2L,FLRT2,ZHX2,NTRK3,VWC2,TAFA5,SUSD4,CIT,MAP2,SCN2A,NCAN,SCG2,ADGRG2,DPP6,CDH6",0.147331213699377
post,Post-onset vs HC,Oligodendrocytes,168,-1.0580181894425,-0.222834211704235,0.331623931623932,0.448787061994609,"OMG,CA14,AMY2B,SCRG1,CNTNAP4,DNER,ITGA2,KLK6,ZNF75D,TF,DAPK2,LAYN,SNAP25,GPR158,DIPK2B,NRXN3,CNTN5,PZP,PDZD2,ZHX2,TAFA5,EDA2R,AMPD3,DIABLO,ADGRG2,DPP6,RASSF2,LRIG1,GPIHBP1",0.0931454575337804
post,Post-onset vs HC,Pericytes,91,1.07269998964715,0.239432436113825,0.297539149888143,0.446308724832215,"FABP4,SSC5D,PLIN1,ADGRF5,SUSD2,PAMR1,THPO,ENPEP,ADAMTS16,SERPIND1,C7,GFRA2,KLKB1,PTH1R,ANPEP,GGT1,PXDNL,UPB1,SCARF2,KLHL41",0.116739204791222
post,Post-onset vs HC,Plasma cells,118,1.00900128593653,0.214280209456253,0.431603773584906,0.485554245283019,"LILRB4,MERTK,F2R,ST6GAL1,F9,SELPLG,TNFSF8,GPR101,IFNLR1,EVI2B,BTN1A1,FLI1,PGLYRP2,CLSPN,IL2RG,ADA2,TNFRSF4,DAPP1,SIT1,RAB39B,CD48,RRM2,CD28,CCL3",0.0965629554309422
post,Post-onset vs HC,Smooth muscle,138,-1.14951286549647,-0.248024769781182,0.170283806343907,0.340567612687813,"FAP,CRTAC1,ENPP5,IL34,CALCB,MYOC,SMOC2,TGM2,SLC51B,CD248,SOD3,CA9,SCN4B,GMPR,CD177,CALCA,OBP2B,ACHE,HSPG2,ADAMTSL5,RBPMS2,LMOD1,ART3,NGFR,GABRA4,SRPX,HTR1B,PGR,NCR3LG1,FNDC1,WFDC1,COL28A1,CSPG4,DMP1",0.135740943810425
post,Post-onset vs HC,T-cells,156,1.03716999143921,0.21158697316809,0.349056603773585,0.448787061994609,"CD4,IL2RA,IL18R1,F2R,FLT3LG,SELPLG,TNFSF8,LAT2,NCR1,TPSAB1,CD84,IL10,EVI2B,GATA3,FLI1,PGLYRP2,SH2D1A,IL2RG,GRAP2,TNFRSF4,LTA,SIT1,RAB39B,CD200R1,SKAP1,IL2,IL2RB,PRKCQ,CD48,TNFRSF1B,CD28,CD300A",0.109684061970549
post,Post-onset vs HC,dendritic cells,128,1.29028842728721,0.271453704109422,0.0598086124401914,0.156342857142857,"LILRB4,CD4,CD83,HS3ST3B1,IL18R1,IL18BP,SELPLG,AMN,GHRL,TNFSF8,SH2B3,PROC,SERPINF2,IL3RA,CD84,MILR1,CSF2RA,IFNLR1,EVI2B,UPK3A,CD300C,LRRC25,IL2RG,ADA2,LTA,SIT1,CD48,TNFRSF1B,SIRPB1,PDGFB,CD28,CD300A,FCER1A,CD72,IGLON5",0.287857117255149
post,Post-onset vs HC,granulocytes,121,1.3365882932166,0.284152042231084,0.0332655900293497,0.119756124105659,"CD83,IL2RA,IL18R1,CD33,IL1RL1,SIGLEC7,LAT2,SH2B3,SFTPD,CD22,SIGLEC10,SIGLEC8,TPSAB1,CD84,MILR1,HAVCR2,EVI2B,CD300C,LRRC25,TIE1,CCL23,GRAP2,KRT6C,TNFRSF4,CD200R1,SKAP1,CD48,TPSD1,CD300A,CALB2,PDCD1LG2,FCER1A,MPIG6B,PAG1,PLAT,TMPRSS11B,CD274,CD300LF,CTLA4,IL5RA,DOK1,CCL4",0.321775918075361
post,Post-onset vs HC,monocytes,193,1.86677767172515,0.370104166205714,1.78504119936101e-06,1.60653707942491e-05,"IL6,CLEC7A,LILRB4,CD4,CD83,HS3ST3B1,IL1RN,CD80,IL15,MERTK,CD33,CD163,PRND,OSCAR,IL18BP,KYNU,CXCL10,IL1RAP,IFI30,SELPLG,SIGLEC7,TNFSF8,SH2B3,SFTPD,LILRA2,ADGRE1,SIGLEC10,AIF1,IL3RA,IL10,MILR1,PLA2G7,CSF2RA,HAVCR2,EVI2B,UPK3A,CD300C,LRRC25,FLI1,CXCL3,CSF1R,PGLYRP2,CCL23,CXCL9,MARCO,PCDH12,IL2RG,ADA2,IL1R2,CD86,CCL20,CD48,TNFRSF1B,SIGLEC9,SIRPB1,VSTM1,CD28,CD300A",0.643551836150722
preVsPost,Pre vs post-onset,Astrocytes,195,-1.40356262780099,-0.253340831616687,0.00446776601420785,0.0217313862940036,"GFAP,SPOCK1,CNTN3,DIPK1C,CDH4,UNC79,FGFR2,CA8,TMPRSS5,KIAA0319,MASP1,NCS1,MERTK,SNED1,PXDNL,LRP2BP,TMEM132A,KCNIP4,PRKCQ,UNC5D,NCAM1,TLR4,CDH2,NCAN,PTPRZ1,PTH1R,KIAA1549L,BRSK2,LCAT,ERC2,PTPRM,PCDH17,PLIN1,LRRC37A2,IL17RB,SCG3,SEZ6L,CADPS,PRSS53,EDNRB,PAMR1,PCDH7,ERBB4,RNF31,DNM3,CD109,IL17D,NPL",0.407017918923954
preVsPost,Pre vs post-onset,B-cells,122,1.30269684092443,0.327586247750399,0.070391061452514,0.158379888268156,"PPY,RNASE6,CD207,CA6,TNFRSF17,IL5RA,CLEC10A,TNFRSF13B,PPBP,ADAM8,MZB1,TNF,CHIT1,MNDA,PF4,LCP1,COCH,CD70,LSP1,CD27,ITGB2,APBB1IP,KLRK1,JCHAIN,FCRL5,CLEC4C,SLAMF1,IL16,SLAMF6,FCRL2,FCGR2B,CD79B,CR2,PIK3AP1",0.176694268938498
preVsPost,Pre vs post-onset,Endothelial,260,1.17618540516993,0.277164981978758,0.134095634095634,0.219429219429219,"EFEMP1,HSPG2,CCN3,MIA,ACVRL1,IL5RA,SPINK2,EFNA1,RARRES1,TFF3,LAYN,ACTN2,PPBP,RAB44,IL1R1,CFB,STC2,MATN2,CD300LG,CD93,PF4,BDNF,ESAM,ARG1,MYOC,TNXB,TNFRSF10A,TGM2,TNFRSF10C,ADM,CA4,CD160,HSD17B14,GRP,PZP,CCL23,ULBP2,FAM3B,C1QTNF9,BMP6,IL4R,ASAH2,VEGFC,CCL15,ABO,VTCN1,GIMAP7,APOL1,ISM1,CGREF1,CEACAM19,LRG1,WFDC1,CYP24A1,KRT19,CRTAC1,TPK1,SERPINA5,PROCR,NID2,XG,CEACAM16,GAST,CFI,NOS3,DIPK2B,PON3,SMPDL3B,SCARF1,EPS8L2,ESM1,RLN1,SEMA3G,S100A16,HMCN2,CCL14,IGFBP1,ANXA3",0.118815039412263
preVsPost,Pre vs post-onset,Excitatory neurons,251,-1.28070608701747,-0.228429233165578,0.0125132399799807,0.0375397199399422,"SPOCK1,CNTN3,SH3GL3,IGFL4,CORO6,CDH4,UNC79,WASF1,CLSTN3,TMPRSS5,SLITRK1,KIAA0319,NCS1,SLIT2,PDE1C,HS6ST2,SNED1,PXDNL,APLP1,LRP2BP,LRTM1,HDAC9,KCNIP4,PRKCQ,UNC5D,NCAM1,RASGRF1,CDH2,NCAN,KIAA1549L,SYT1,GRIN2B,BRSK2,ERC2,CDH22,PCDH17,EXTL1,LRRC37A2,DLG4,CNTNAP4,SCG3,SEZ6L,NRN1,SEZ6,CADPS,PRSS53,PSRC1,PAMR1,PCDH7,VSTM2L,RNF31,TBR1,DNM3,NPTX1,IL17D,CACNB1,PM20D1,CA7,CLIP2,RBFOX3,NFASC,SCN2B,CHRM1,RAB37,IGSF21,CLSTN2,ADAMTSL2,KLKB1,IL12RB2,NEFL,PLCB1,CEND1,DSCAM,CACNA1C,L1CAM,SEPTIN3,SERPINI2,NELL1,IL1RL2,TUBB3,STX1B,KAZN,PDE4D,KIAA1549,IPCEF1,ROBO2,NRXN3,PTPRB,ST8SIA1,LRTM2,CD200R1,TXK,CEP170,TAGLN3,CRYBB2,PDZD2",0.380730400722792
preVsPost,Pre vs post-onset,Fibroblasts,79,1.37824539454299,0.363652268456973,0.0463182897862233,0.119104173736003,"FNDC1,PLA2G2A,EFEMP1,CD177,COL15A1,MFAP5,COL2A1,CCL21,TFF3,ANGPT1,MATN2,OGN,SFRP4,KLK7,NTF3,GPHA2,CPXM2,COL6A3,RSPO3,THPO,STEAP4,FBN2,DCDC2C,LEFTY2,ADAMTS15,ESM1",0.227987202850442
preVsPost,Pre vs post-onset,Inhibitory neurons,257,-1.36067668707451,-0.240807325258065,0.00559330445989314,0.0217313862940036,"SPOCK1,CNTN3,SH3GL3,IGFL4,CORO6,CDH4,UNC79,WASF1,CA8,CLSTN3,LRRC38,SLITRK1,KIAA0319,NCS1,SLIT2,PDE1C,HS6ST2,SNED1,NXPH1,PXDNL,APLP1,LRP2BP,HDAC9,GAD2,KCNIP4,PRKCQ,UNC5D,NCAM1,RASGRF1,PVALB,CDH2,NCAN,AFAP1,PTPRZ1,POSTN,KIAA1549L,SYT1,GRIN2B,BRSK2,ERC2,PTPRM,CDH22,PCDH17,EXTL1,LRRC37A2,CNTNAP4,SCG3,SEZ6L,SEZ6,CADPS,PRSS53,INPP5J,PCDH7,ERBB4,VSTM2L,RNF31,OSTN,DNM3,NPTX1,IL17D,PM20D1,CLIP2,RBFOX3,NFASC,SCN2B,WASF3,CHRM1,RAB37,IGSF21,CLSTN2,KLKB1,IL12RB2,NEFL,PLCB1,CEND1,DSCAM,CACNA1C,L1CAM,SEPTIN3,NELL1",0.407017918923954
preVsPost,Pre vs post-onset,Macrophages,247,1.64350454116193,0.388118124834799,1.36195761798774e-05,0.000245152371237793,"CLEC5A,OSM,RETN,MMP8,MMP9,RNASE6,OLR1,ITGAM,FCN1,CLEC4D,RNASE3,RELT,CD207,CA6,FCAR,CD209,IL1A,CLEC10A,FCGR3B,NCF2,HPGDS,LAIR1,RASSF2,PPBP,ADAM8,CLEC4A,MMP12,VSIG4,MCEMP1,AZU1,TNF,PRSS2,CST5,CASP1,CD5L,MRC1,CHIT1,MNDA,CD93,TNFSF14,CCL24,PDGFB,LCP1,FCGR2A,LSP1,MMP1,HGF,S100A12,COLEC12,LRRC25,ITGB2,APBB1IP,CST7,CD300A,LILRA5,CCL4,C1QA,FOLR3,PAEP,CD101,AMPD3,CCL18,SBSN,ASGR1,GIMAP7,IL1B,MPO,HPSE,OSCAR,KRT6C,CD28,SIRPB1,FCGR2B,CD300C,AGRP,PIK3AP1,CD300E,EREG,PILRA",0.593325476396405
preVsPost,Pre vs post-onset,Microglial cells,197,-1.05430319988817,-0.191421745341378,0.373134328358209,0.419776119402985,"CDH4,UNC79,CDH23,PCDH12,PTPRC,CD86,IRAG2,ITIH5,BLNK,MERTK,SNED1,NXPH1,ROBO4,PXDNL,TEK,FGF20,HDAC9,KCNIP4,UNC5D,CDH2,NCAN,KIAA1549L,PLB1,ERC2,PAG1,CD33,PKN3,PTPRM,CDH22,GGT5,TLR2,LRRC37A2,LTBP2,ADGRD1,SEZ6L,PAMR1,ERBB4,RNF31,DNM3,NPL,ASPN,CLIP2,CSF3R,CD34,IGSF21,CSF1R,ADAMTSL2,RYR1,NEFL,PLCB1,DSCAM,CACNA1C,NELL1,ARHGAP25,LAMA1,GIMAP8,MSR1,PDE4D,KIAA1549,IPCEF1,ROBO2,ADGRF5,FLT1,CLEC3B,TNFRSF13C,PTPRB,MILR1,CD200R1,FLI1,CEP170,CRYBB2,PDZD2,PEAR1,PLCB2,GRIK2",0.287857117255149
preVsPost,Pre vs post-onset,NK-cells,145,0.792656098013206,0.194504094554746,0.870044052863436,0.871428571428572,"ITGAM,FCGR3B,LAIR1,PPBP,ADAM8,CD38,PF4,TNFSF14,LCP1,SPON2,LSP1,CD160,CD27,ITGB2,APBB1IP,KLRK1,ULBP2,CST7,CD300A,CCL4,FGFBP2,CD7,GNLY,IL16,GIMAP7,SLAMF6,CD79B,PIK3AP1,XCL1,HBQ1,CD226,FCRL6,INPP5D,ARHGAP30,TREML1,TNFSF11,IFNG,FMNL1,FGR,LAT,CEACAM21,SLAMF7,IL10RA,IL12RB1,CD40LG,CD72,CCL3,KLRB1,TNFAIP8L2",0.0235793094960052
preVsPost,Pre vs post-onset,Oligodendrocyte precursor cells,223,-1.47724315988973,-0.265707467152683,0.0011834891987537,0.0106514027887833,"GFAP,SPOCK1,CNTN3,DIPK1C,IGFL4,CDH4,UNC79,WASF1,CA8,LYPD1,SLITRK1,MASP1,SLIT2,PDE1C,HS6ST2,NXPH1,PXDNL,TEK,LRP2BP,HDAC9,KCNIP4,PRKCQ,UNC5D,NCAM1,CDH2,NCAN,AFAP1,PTPRZ1,SMOC1,KIAA1549L,GRIN2B,BRSK2,ERC2,NT5E,PTPRM,CDH22,PCDH17,EXTL1,VCAN,LRRC37A2,CNTNAP4,IL17RB,SCG3,SEZ6L,CADPS,BCHE,PSRC1,PDGFRA,PCDH7,ERBB4,RNF31,OSTN",0.45505986738723
preVsPost,Pre vs post-onset,Oligodendrocytes,168,-1.12535109039655,-0.209544440248915,0.191513974508918,0.233520809898763,"SPOCK1,SH3GL3,DIPK1C,CDH4,UNC79,FGFR2,WASF1,CD22,TMPRSS5,SLITRK1,CEP85,SLIT2,PDE1C,KEL,PXDNL,APLP1,LRP2BP,HDAC9,KCNIP4,PRKCQ,NCAM1,RASGRF1,CDH2,SMOC1,BRSK2,ERC2,PCDH17,LRRC37A2,CAPN3,CNTNAP4",0.249246554383295
preVsPost,Pre vs post-onset,Pericytes,91,1.23392076634946,0.320891158143453,0.132009345794393,0.219429219429219,"ADAMTSL5,SMOC2,VASN,OBP2B,TFF3,ANGPTL3,ANGPTL4,CD38,SCN4B,CLEC4M,SFRP4,CA4,GPC5,ASAH2,ADGRG2,DKK1,ABO,ISM1,THPO,CR2,NID2,TIMP4,FABP1,CBLN4,PDZK1,GHR,HBZ,DCDC2C,PON3,MELTF,CA3,TSLP",0.128142916898415
preVsPost,Pre vs post-onset,Plasma cells,118,1.16889662795423,0.295804379425513,0.194600674915636,0.233520809898763,"RNASE6,CA6,FGL1,TNFRSF17,IL5RA,FGA,TNFRSF13B,FCGR3B,GC,MZB1,CD38,CD70,SFRP4,LSP1,FUT8,CD27,HMMR,ITIH3,JCHAIN,FCRL5,BMP6,SLAMF1,CCL4,THTPA,IL16,SLAMF6,FCRL2,CD28,FCGR2B,CD79B,CR2",0.0999276973731092
preVsPost,Pre vs post-onset,Smooth muscle,138,1.24588761204113,0.309185602477448,0.101675977653631,0.203351955307263,"FNDC1,ADAMTSL5,SMOC2,CD177,ART3,HSPG2,VASN,OBP2B,LMOD1,ANGPTL4,ANGPT1,BDNF,ESAM,ITIH4,CALCA,SCN4B,ENPP5,MYOC,TGM2,SOD3,PSCA,ITIH3,MANSC4,NTF3,CPXM2,CALCB,FABP3,ABO,ACTA2,THPO,WFDC1,CRTAC1,GDF15,CRLF1,TIMP4,GHR,HBZ,DCDC2C,LEFTY2,ADAMTS15,COL28A1,TSLP,GALNT3,GFRA1,IL6,GAL",0.144630528034484
preVsPost,Pre vs post-onset,T-cells,156,0.795594997005104,0.194290871342624,0.871428571428572,0.871428571428572,"OSM,CA6,PPBP,ADAM8,TNF,PF4,TNFSF14,LCP1,CD70,LSP1,CD160,CD27,ITGB2,APBB1IP,KLRK1,ULBP2,CST7,CD300A,SLAMF1,CALCB,CCL4,FGFBP2,CD7,PAEP,CD101,GNLY,IL16,GIMAP7,SLAMF6,IL17F,CD28,CD79B",0.0233667307764121
preVsPost,Pre vs post-onset,dendritic cells,128,1.2003954262171,0.299859708578771,0.153674832962138,0.230512249443207,"RNASE6,RELT,TNFRSF17,LAIR1,RASSF2,PPBP,CLEC4A,MZB1,PF4,PDGFB,CAMKK1,LCP1,SPON2,LSP1,PTGDS,LRRC25,ITGB2,APBB1IP,JCHAIN,FCRL5,CLEC4C,CD300A,LILRA5,CD7,GNLY,IL16,SMPD3,CD28,SIRPB1,CD300C,PIK3AP1,INPP5D,FCER2,ARHGAP30,SEMA7A,LILRB2,TREML1,BTLA,FLT3,FMNL1,LILRA4,PLXNA4,CEACAM21,SLAMF7,IL10RA,IL12RB1,CD83,CD72,TNFAIP8L2,LILRB4,RET,CSF2RA,TNFSF13B",0.114266502484433
preVsPost,Pre vs post-onset,granulocytes,121,1.51514676982222,0.38168432581808,0.00603649619277877,0.0217313862940036,"CLC,OSM,ITGAM,SLURP1,SCG2,LY6D,CCN3,IL5RA,HPGDS,LAIR1,RASSF2,ADAM8,SFTPA2,RAB44,PRG2,TNF,DSG3,CHIT1,VWC2,CSF1,CAMKK1,LCP1,FCGR2A,SFRP4,LRRC25,CCL23,CST7,CD300A,SLAMF1,CCL4",0.407017918923954
preVsPost,Pre vs post-onset,monocytes,193,1.16127045514381,0.279768368707482,0.172043010752688,0.233520809898763,"OSM,RETN,OLR1,ITGAM,FCN1,CLEC4D,RELT,FCAR,IL1A,CLEC10A,FCGR3B,NCF2,LAIR1,RASSF2,ADAM8,IL1RAP,CLEC4A,MCEMP1,TNF,CASP1,MNDA,CD93,LCP1,FCGR2A,LSP1,HGF,LRRC25,CCL23,ITGB2,APBB1IP,CST7,CD300A,SLAMF1,LILRA5,CCL4,C1QA,CD101,GNLY,IL16,IL1B,OSCAR,CD28,SIRPB1,CD79B,CD300C,PIK3AP1,XCL1,CD300E,EREG,PILRA,CD1C,INPP5D,FCER2,ARHGAP30,VNN1",0.104732821580651
